user_id,first_name,last_name,email,address,city,state,postal_code,signup_date
1,Jason,Jenkins,pmiddleton@gmail.com,6712 Myers Key,West Ronald,Massachusetts,74909,2024-04-28
2,Katrina,Anderson,matthew72@hotmail.com,112 Rachel Mill,West Jeremy,Illinois,37756,2024-05-17
3,David,Brown,umayer@hotmail.com,91823 Silva Street,East Christopher,South Carolina,14171,2025-08-05
4,Brenda,West,zdavenport@gmail.com,232 Sanders Terrace Apt. 570,West Emilybury,Wisconsin,66939,2024-10-04
5,Ernest,Townsend,marissa67@hotmail.com,6281 Donna Burg,Jerrymouth,Ohio,74839,2024-02-28
6,Deanna,Wright,ygriffin@gmail.com,9571 Sanders Haven Suite 883,Port Kimberly,Minnesota,30241,2024-10-06
7,Stephanie,Mccarty,kenneth86@hotmail.com,0961 Craig Ridge Suite 319,Antonioview,Texas,68729,2024-04-09
8,Joseph,Hunter,andrewramirez@gmail.com,82683 Lisa Spring Apt. 409,South Amandaton,New Mexico,20922,2024-06-16
9,Christopher,Wiley,hendersonjuan@hotmail.com,3883 Rios Roads Suite 749,Lake Jasonside,New Mexico,93873,2024-05-23
10,Alexander,Ward,igonzalez@gmail.com,15975 Jill Ranch Suite 732,New Wandachester,New York,52446,2024-12-03
11,Rachel,Smith,dawn68@hotmail.com,23004 Daniel Estates Apt. 384,East Tammyton,Kentucky,47567,2024-01-17
12,Aaron,Miller,umiller@gmail.com,733 Thomas Lodge,Port Desireehaven,Wisconsin,50825,2024-12-23
13,Mark,Mccoy,lunaamy@hotmail.com,57193 Alexa Valley Suite 199,Marshallshire,Oregon,54199,2025-06-06
14,Sheila,Estes,stevensalexandra@yahoo.com,734 Simmons Corner,South Denise,Nebraska,39781,2024-06-10
15,Xavier,Sherman,yallen@yahoo.com,4230 Brittany Roads,North Lisa,Idaho,16022,2024-02-01
16,Michelle,Nunez,christophergarner@hotmail.com,583 Jackson Knoll,East Paul,Virginia,10133,2024-04-05
17,Michael,Hansen,lblack@hotmail.com,6566 Christopher Island,Kathyberg,Texas,99542,2025-02-27
18,Robert,Salazar,derek07@yahoo.com,0703 Christie Parkways,Whitehaven,Alabama,97662,2025-09-04
19,Donna,Pratt,johnsonjonathan@hotmail.com,907 Haney Creek Suite 682,Port Omar,New York,83497,2025-06-22
20,Joseph,Spears,heather83@hotmail.com,37001 Burke Centers Apt. 632,Russellfort,Nevada,34211,2023-12-24
21,Michael,Brown,stucker@hotmail.com,9573 Calvin Course,West Jennifermouth,North Dakota,87426,2025-04-01
22,Kristi,Williams,gbecker@yahoo.com,0222 James Knolls,East Patriciafurt,Alabama,95620,2024-02-03
23,Susan,Rodriguez,sjohnson@hotmail.com,0699 Morris Divide Apt. 413,Drakemouth,Washington,73040,2025-01-12
24,John,Edwards,fordvictoria@yahoo.com,7876 Edward Walks,Lake Alex,Mississippi,75383,2024-04-04
25,William,George,edward69@gmail.com,585 Jason Shores,North Jacobville,North Dakota,55766,2025-07-02
26,Daniel,Hill,kimberly32@yahoo.com,941 Matthew Via Apt. 148,South Charlesfort,Wisconsin,96972,2025-07-19
27,Nicole,Montoya,gglover@gmail.com,136 Hawkins Station,North Jenniferfurt,Wisconsin,35730,2024-08-09
28,Jason,Young,penaleslie@gmail.com,338 Patrick Greens Apt. 119,Joneschester,Rhode Island,73587,2024-06-01
29,Natalie,West,tadams@gmail.com,22002 Terrell Courts,Lake Anna,Maine,01189,2025-01-19
30,Daniel,White,jsalazar@hotmail.com,770 Jason Gardens Apt. 071,South Anthony,Utah,22243,2024-08-29
31,Patrick,Parker,mckenzietiffany@yahoo.com,887 Jeffrey Way Suite 269,New Justinshire,Alaska,83864,2025-04-30
32,Jasmine,Mathis,justinhoward@hotmail.com,629 Jessica Throughway,Lewisland,Arkansas,56116,2025-10-26
33,Kelsey,Green,jennifermendoza@hotmail.com,76912 Roy Stravenue Suite 912,East Michaelmouth,Maine,28554,2024-01-20
34,Cameron,Jordan,jacob05@yahoo.com,2848 Fox Unions Apt. 636,East Michellefort,North Carolina,62433,2024-06-01
35,Adam,Hudson,kimberlybyrd@yahoo.com,0205 Kyle Locks Suite 197,Port Desiree,New York,04516,2025-03-17
36,Tracy,Harris,kingtracy@hotmail.com,484 Harris Streets,South Brianview,Arkansas,92907,2024-12-31
37,Charles,Harrison,jking@hotmail.com,676 Christian Glens Apt. 757,East Darren,Montana,78547,2024-01-08
38,Anna,Strickland,arroyoedwin@yahoo.com,93081 Doyle Lodge Suite 799,Port Susan,New Hampshire,69873,2025-08-18
39,Michael,Nicholson,ashleymason@yahoo.com,2825 Burke Avenue,North Shawn,Louisiana,07378,2025-07-16
40,Jessica,Scott,thomas56@gmail.com,27969 Michael Course Apt. 390,Amyfort,Hawaii,65415,2025-11-09
41,Adam,Clark,qclayton@hotmail.com,865 Joshua Club,North Denise,South Carolina,27885,2024-07-31
42,Steven,Grimes,michaelallen@gmail.com,17631 Ramos Shoals Suite 806,Richardfurt,Maryland,24530,2025-09-27
43,Zachary,Miller,cwhite@gmail.com,58942 Sarah Forge Suite 136,Port Jeffrey,Connecticut,62067,2024-01-19
44,James,Young,andrewoodward@gmail.com,91384 Ritter Meadow Suite 661,Johnsonhaven,Connecticut,81714,2025-04-29
45,Michael,Holland,amy85@gmail.com,1085 Mcbride Cliff,Maryberg,Vermont,92766,2025-06-29
46,Robin,Richards,wwilliams@yahoo.com,69047 Hull Extensions,Teresaside,Arizona,19792,2024-05-13
47,Vickie,Moran,donna62@yahoo.com,1050 Erin Greens,Lake Kimberly,North Dakota,56006,2025-08-11
48,James,Duran,sandracollins@gmail.com,02312 Nicole Fork,Morganshire,Nevada,54229,2024-11-24
49,Brandon,Hart,imoore@hotmail.com,4450 Kevin Views,South Steven,Alaska,84880,2024-03-10
50,Jeffrey,Garcia,brendanmcmahon@gmail.com,5809 Danny Streets Apt. 548,Adamshire,Utah,88189,2024-02-15
